Supermercado;Categoria;Producto;Precio;URL;Fecha
Desconocido;Frutas-y-Verduras;Batata naranja Huella Natural x kg.;$ 1.100,00;https://carrefourar.vtexassets.com/arquivos/ids/184366-170-170?v=637468592421270000&width=170&height=170&aspect=true;21/05/2024, 19:39:01
Desconocido;Frutas-y-Verduras;Ajo suelto x kg.;$ 7.690,00;https://carrefourar.vtexassets.com/arquivos/ids/184402-170-170?v=637468592483200000&width=170&height=170&aspect=true;21/05/2024, 19:39:01
Desconocido;Frutas-y-Verduras;Tomate perita x kg.;$ 5.499,00;https://carrefourar.vtexassets.com/arquivos/ids/184460-170-170?v=637468592590070000&width=170&height=170&aspect=true;21/05/2024, 19:39:01
Desconocido;Frutas-y-Verduras;Sandía x kg.;$ 2.499,00;https://carrefourar.vtexassets.com/arquivos/ids/176877-170-170?v=637468574615900000&width=170&height=170&aspect=true;21/05/2024, 19:39:01
Desconocido;Frutas-y-Verduras;Lechuga morada kg.;$ 5.599,00;https://carrefourar.vtexassets.com/arquivos/ids/184484-170-170?v=637468592634300000&width=170&height=170&aspect=true;21/05/2024, 19:39:08
Desconocido;Frutas-y-Verduras;Lechuga francesa hidropónica 220 g.;$ 1.899,00;https://carrefourar.vtexassets.com/arquivos/ids/195470-170-170?v=637516045837900000&width=170&height=170&aspect=true;21/05/2024, 19:39:08
Desconocido;Frutas-y-Verduras;Lima taití x kg.;$ 2.999,00;https://carrefourar.vtexassets.com/arquivos/ids/201750-170-170?v=637558429810600000&width=170&height=170&aspect=true;21/05/2024, 19:39:08
Desconocido;Frutas-y-Verduras;Maní tostado pelado sin sal x kg.;$ 5.290,00;https://carrefourar.vtexassets.com/arquivos/ids/177043-170-170?v=637468575268970000&width=170&height=170&aspect=true;21/05/2024, 19:39:08
Desconocido;Frutas-y-Verduras;Snack manzana roja deshidratada Frutty 18 g.;$ 535,00;https://carrefourar.vtexassets.com/arquivos/ids/416911-170-170?v=638355809505000000&width=170&height=170&aspect=true;21/05/2024, 19:39:08
Desconocido;Frutas-y-Verduras;Chaucha ballina x kg.;$ 4.999,00;https://carrefourar.vtexassets.com/arquivos/ids/201745-170-170?v=637558429741730000&width=170&height=170&aspect=true;21/05/2024, 19:39:08
Desconocido;Frutas-y-Verduras;Chaucha rolliza x kg.;$ 4.999,00;https://carrefourar.vtexassets.com/arquivos/ids/184495-170-170?v=637468592657130000&width=170&height=170&aspect=true;21/05/2024, 19:39:08
Desconocido;Frutas-y-Verduras;Limon organico 1 kg.;$ 1.199,00;https://carrefourar.vtexassets.com/arquivos/ids/176854-170-170?v=637468574530900000&width=170&height=170&aspect=true;21/05/2024, 19:39:15
Desconocido;Frutas-y-Verduras;Ciruelas desecadas sin cáscara Presidente x 200 g.;$ 1.290,00;https://carrefourar.vtexassets.com/arquivos/ids/255938-170-170?v=637986089320200000&width=170&height=170&aspect=true;21/05/2024, 19:39:15
Desconocido;Frutas-y-Verduras;Almendras peladas 50 g.;$ 1.800,00;https://carrefourar.vtexassets.com/arquivos/ids/524285-170-170?v=638518054196630000&width=170&height=170&aspect=true;21/05/2024, 19:39:15
Desconocido;Frutas-y-Verduras;Pera roja x kg.;$ 2.290,00;https://carrefourar.vtexassets.com/arquivos/ids/251634-170-170?v=637944446564730000&width=170&height=170&aspect=true;21/05/2024, 19:39:15
Desconocido;Frutas-y-Verduras;Mix de frutas secas 150 g;$ 2.660,00;https://carrefourar.vtexassets.com/arquivos/ids/524284-170-170?v=638518053499400000&width=170&height=170&aspect=true;21/05/2024, 19:39:23
Desconocido;Frutas-y-Verduras;Almendras sin cáscara Blancalmen 100 g.;$ 2.890,00;https://carrefourar.vtexassets.com/arquivos/ids/176910-170-170?v=637468574756300000&width=170&height=170&aspect=true;21/05/2024, 19:39:23
Desconocido;Frutas-y-Verduras;Nueces con cáscara 250 g.;$ 2.450,00;https://carrefourar.vtexassets.com/arquivos/ids/177066-170-170?v=637468575349130000&width=170&height=170&aspect=true;21/05/2024, 19:39:23
Desconocido;Frutas-y-Verduras;Repollo orgánico x kg.;$ 1.499,00;https://carrefourar.vtexassets.com/arquivos/ids/196471-170-170?v=637523687835070000&width=170&height=170&aspect=true;21/05/2024, 19:39:23
Desconocido;Frutas-y-Verduras;Chip de banana 100 g.;$ 1.990,00;https://carrefourar.vtexassets.com/arquivos/ids/273412-170-170?v=638109660296630000&width=170&height=170&aspect=true;21/05/2024, 19:39:23
Desconocido;Frutas-y-Verduras;Nueces peladas El mercado 300 g.;$ 8.990,00;https://carrefourar.vtexassets.com/arquivos/ids/426562-170-170?v=638386048711330000&width=170&height=170&aspect=true;21/05/2024, 19:39:23
Desconocido;Frutas-y-Verduras;Castañas de cajú 150 g.;$ 4.690,00;https://carrefourar.vtexassets.com/arquivos/ids/177056-170-170?v=637468575316430000&width=170&height=170&aspect=true;21/05/2024, 19:39:23
Desconocido;Frutas-y-Verduras;Hongos shitake laminados Villares 25 g.;$ 1.690,00;https://carrefourar.vtexassets.com/arquivos/ids/184267-170-170?v=637468592252500000&width=170&height=170&aspect=true;21/05/2024, 19:39:23
Desconocido;Frutas-y-Verduras;Mix supremo 50 g.;$ 1.450,00;https://carrefourar.vtexassets.com/arquivos/ids/524287-170-170?v=638518055150700000&width=170&height=170&aspect=true;21/05/2024, 19:39:31
Desconocido;Frutas-y-Verduras;Tomates secos 70 g.;$ 2.229,00;https://carrefourar.vtexassets.com/arquivos/ids/194214-170-170?v=637516040982000000&width=170&height=170&aspect=true;21/05/2024, 19:39:31
Desconocido;Frutas-y-Verduras;Almendras El Mercado 400 g.;$ 11.900,00;https://carrefourar.vtexassets.com/arquivos/ids/426542-170-170?v=638386015719130000&width=170&height=170&aspect=true;21/05/2024, 19:39:31
Desconocido;Frutas-y-Verduras;Ají picante x kg.;$ 3.999,00;https://carrefourar.vtexassets.com/arquivos/ids/184509-170-170?v=637468592685500000&width=170&height=170&aspect=true;21/05/2024, 19:39:31
Desconocido;Frutas-y-Verduras;Mix de frutas secas con nuez 100 g.;$ 1.690,00;https://carrefourar.vtexassets.com/arquivos/ids/176915-170-170?v=637468574772230000&width=170&height=170&aspect=true;21/05/2024, 19:39:31
Desconocido;Frutas-y-Verduras;Albahaca hidropónica Vequa en cono;$ 1.549,00;https://carrefourar.vtexassets.com/arquivos/ids/491895-170-170?v=638459347790870000&width=170&height=170&aspect=true;21/05/2024, 19:39:31
Desconocido;Frutas-y-Verduras;Castañas de cajú El mercado 350 g.;$ 11.900,00;https://carrefourar.vtexassets.com/arquivos/ids/426544-170-170?v=638386025897100000&width=170&height=170&aspect=true;21/05/2024, 19:39:31
Desconocido;Frutas-y-Verduras;Castañas de caju saladas x kg.;$ 26.990,00;https://carrefourar.vtexassets.com/arquivos/ids/177035-170-170?v=637468575239270000&width=170&height=170&aspect=true;21/05/2024, 19:39:31
Desconocido;Frutas-y-Verduras;Mix de frutos secos salados Beepure en frasco 190 g.;$ 4.539,00;https://carrefourar.vtexassets.com/arquivos/ids/410392-170-170?v=638345481392800000&width=170&height=170&aspect=true;21/05/2024, 19:39:31
Desconocido;Frutas-y-Verduras;Ensalada mix verdes 300 g.;$ 3.799,00;https://carrefourar.vtexassets.com/arquivos/ids/184607-170-170?v=637468592882830000&width=170&height=170&aspect=true;21/05/2024, 19:39:31
Desconocido;Frutas-y-Verduras;Mix frutos secos Grandiet proteínas 150 g.;$ 3.590,00;https://carrefourar.vtexassets.com/arquivos/ids/176958-170-170?v=637468574925170000&width=170&height=170&aspect=true;21/05/2024, 19:39:40
Desconocido;Frutas-y-Verduras;Coco x kg.;$ 2.999,00;https://carrefourar.vtexassets.com/arquivos/ids/201739-170-170?v=637558429662800000&width=170&height=170&aspect=true;21/05/2024, 19:39:40
Desconocido;Frutas-y-Verduras;Frutos secos Maní Mix Saladito 150 g.;$ 1.990,00;https://carrefourar.vtexassets.com/arquivos/ids/524281-170-170?v=638518052156130000&width=170&height=170&aspect=true;21/05/2024, 19:39:40
Desconocido;Frutas-y-Verduras;Ensalada Rocky mezclum con cherry 300 g.;$ 2.999,00;https://carrefourar.vtexassets.com/arquivos/ids/184571-170-170?v=637468592801200000&width=170&height=170&aspect=true;21/05/2024, 19:39:40
Desconocido;Frutas-y-Verduras;Mix de frutos secos supremo 150 g.;$ 4.500,00;https://carrefourar.vtexassets.com/arquivos/ids/524280-170-170?v=638518051740070000&width=170&height=170&aspect=true;21/05/2024, 19:39:40
Desconocido;Frutas-y-Verduras;Pasas de uva con chocolate Los Carolinos 150 g.;$ 2.990,00;https://carrefourar.vtexassets.com/arquivos/ids/176940-170-170?v=637468574865230000&width=170&height=170&aspect=true;21/05/2024, 19:39:40
Desconocido;Frutas-y-Verduras;Kale y remolacha 200 g.;$ 2.699,00;https://carrefourar.vtexassets.com/arquivos/ids/184632-170-170?v=637468592935870000&width=170&height=170&aspect=true;21/05/2024, 19:39:40
Desconocido;Frutas-y-Verduras;Ensalada Rocky cuatro colores 250 g.;$ 2.999,00;https://carrefourar.vtexassets.com/arquivos/ids/184580-170-170?v=637468592819670000&width=170&height=170&aspect=true;21/05/2024, 19:39:40
Desconocido;Frutas-y-Verduras;Ensalada vegetariana 180 g.;$ 4.099,00;https://carrefourar.vtexassets.com/arquivos/ids/184620-170-170?v=637468592911470000&width=170&height=170&aspect=true;21/05/2024, 19:39:40
Desconocido;Frutas-y-Verduras;Mix europa 500 g.;$ 8.990,00;https://carrefourar.vtexassets.com/arquivos/ids/524288-170-170?v=638518055660100000&width=170&height=170&aspect=true;21/05/2024, 19:39:40
Desconocido;Frutas-y-Verduras;Naranja de jugo x kg.;$ 999,00;https://carrefourar.vtexassets.com/arquivos/ids/176842-170-170?v=637468574507300000&width=170&height=170&aspect=true;21/05/2024, 19:40:08
Desconocido;Frutas-y-Verduras;Berenjena negra x kg.;$ 1.799,00;https://carrefourar.vtexassets.com/arquivos/ids/184455-170-170?v=637468592576600000&width=170&height=170&aspect=true;21/05/2024, 19:40:08
Desconocido;Frutas-y-Verduras;Lechuga Capuchina x kg.;$ 3.499,00;https://carrefourar.vtexassets.com/arquivos/ids/184472-170-170?v=637468592611200000&width=170&height=170&aspect=true;21/05/2024, 19:40:08
Desconocido;Frutas-y-Verduras;Almendras 135 g.;$ 4.990,00;https://carrefourar.vtexassets.com/arquivos/ids/524292-170-170?v=638518057622800000&width=170&height=170&aspect=true;21/05/2024, 19:40:12
Desconocido;Frutas-y-Verduras;Pasas de uva 170 g.;$ 1.890,00;https://carrefourar.vtexassets.com/arquivos/ids/524293-170-170?v=638518058132570000&width=170&height=170&aspect=true;21/05/2024, 19:40:12
Desconocido;Frutas-y-Verduras;Mandioca x kg;$ 1.400,00;https://carrefourar.vtexassets.com/arquivos/ids/184499-170-170?v=637468592663430000&width=170&height=170&aspect=true;21/05/2024, 19:40:12
Desconocido;Frutas-y-Verduras;Champignones y portobellos mix Porto 180 g.;$ 2.099,00;https://carrefourar.vtexassets.com/arquivos/ids/184292-170-170?v=637468592281670000&width=170&height=170&aspect=true;21/05/2024, 19:40:16
Desconocido;Frutas-y-Verduras;Tomate seco 100 g.;$ 1.799,00;https://carrefourar.vtexassets.com/arquivos/ids/177051-170-170?v=637468575298130000&width=170&height=170&aspect=true;21/05/2024, 19:40:16
Desconocido;Frutas-y-Verduras;Plátano x kg.;$ 3.290,00;https://carrefourar.vtexassets.com/arquivos/ids/201749-170-170?v=637558429797130000&width=170&height=170&aspect=true;21/05/2024, 19:40:16
Desconocido;Frutas-y-Verduras;Pasas de uva Pasablanca 150 g.;$ 1.390,00;https://carrefourar.vtexassets.com/arquivos/ids/201775-170-170?v=637558430141430000&width=170&height=170&aspect=true;21/05/2024, 19:40:22
Desconocido;Frutas-y-Verduras;Mix de lechugas Huella Natural 300 g.;$ 3.399,00;https://carrefourar.vtexassets.com/arquivos/ids/266921-170-170?v=638059543496700000&width=170&height=170&aspect=true;21/05/2024, 19:40:22
Desconocido;frutas-y-verduras;Palta (Kg);$9990.00;https://d1on8qs0xdu5jz.cloudfront.net/web/images/productos/c/0000002000/2403.jpg;22/05/2024, 00:00:43
Desconocido;frutas-y-verduras;Zapallo Anco (Kg);$ 6.249,00;https://d1on8qs0xdu5jz.cloudfront.net/web/images/productos/c/0000000060/60.jpg;22/05/2024, 00:00:43
Desconocido;frutas-y-verduras;Pomelo (Kg);$ 4.999,20;https://d1on8qs0xdu5jz.cloudfront.net/web/images/productos/c/0000002000/2405.jpg;22/05/2024, 00:00:43
Desconocido;frutas-y-verduras;Remolacha S/Hoja (Kg);$730,00;https://d1on8qs0xdu5jz.cloudfront.net/web/images/productos/c/0000002000/2386.jpg;22/05/2024, 00:00:43
Desconocido;frutas-y-verduras;Zapallo Criollo (Kg);$ 599,00;https://d1on8qs0xdu5jz.cloudfront.net/web/images/productos/c/0000003000/3310.jpg;22/05/2024, 00:00:43
Desconocido;frutas-y-verduras;Repollo Blanco (Kg);$2.500,00;https://d1on8qs0xdu5jz.cloudfront.net/web/images/productos/c/0000002000/2387.jpg;22/05/2024, 00:00:43
Desconocido;frutas-y-verduras;Repollo Colorado (Kg);$ 2.290,00;https://d1on8qs0xdu5jz.cloudfront.net/web/images/productos/c/0000002000/2389.jpg;22/05/2024, 00:00:43
Desconocido;frutas-y-verduras;Ajo Granel (Kg);$3.350,00;https://d1on8qs0xdu5jz.cloudfront.net/web/images/productos/c/0000003000/3300.jpg;22/05/2024, 00:00:43
Desconocido;frutas-y-verduras;Sandía (Kg);$ 2.990,00;https://d1on8qs0xdu5jz.cloudfront.net/web/images/productos/c/0000000060/67.jpg;22/05/2024, 00:00:43
Desconocido;frutas-y-verduras;Albahaca x unidad;$860,00;https://d1on8qs0xdu5jz.cloudfront.net/web/images/productos/c/0000003000/3315.jpg;22/05/2024, 00:00:43
Desconocido;frutas-y-verduras;Apio Envasado x 300 g.;$ 759,00;;22/05/2024, 00:00:43
Desconocido;frutas-y-verduras;Berenjena Variedades (Kg);$1.800,00;;22/05/2024, 00:00:43
Desconocido;frutas-y-verduras;Ajo En Bolsita (Kg);$ 1.590,00;https://d1on8qs0xdu5jz.cloudfront.net/web/images/productos/c/0000000050/55.jpg;22/05/2024, 00:00:43
Desconocido;frutas-y-verduras;Zapallo Anco Fraccionado (Kg);$2.100,00;;22/05/2024, 00:00:43
Desconocido;frutas-y-verduras;Soja (Kg);$ 1.890,00;https://d1on8qs0xdu5jz.cloudfront.net/web/images/productos/c/0000007000/7133.jpg;22/05/2024, 00:00:43
Desconocido;frutas-y-verduras;Higos Desecados Conosur x 200 g.;$10.250,00;https://d1on8qs0xdu5jz.cloudfront.net/web/images/productos/c/0000026000/26867.jpg;22/05/2024, 00:00:43
Desconocido;frutas-y-verduras;Hinojo (Kg);$ 7.990,00;https://d1on8qs0xdu5jz.cloudfront.net/web/images/productos/c/0000003000/3305.jpg;22/05/2024, 00:00:43
Desconocido;frutas-y-verduras;Zapallo Anco en Rodajas (Kg);$3.350,00;;22/05/2024, 00:00:43
Desconocido;frutas-y-verduras;Escarola Envasada x 300 g.;$ 2.990,00;;22/05/2024, 00:00:43
Desconocido;frutas-y-verduras;Papa Granel (Kg);$1.850,00;https://d1on8qs0xdu5jz.cloudfront.net/web/images/productos/c/0000000050/58.jpg;22/05/2024, 00:00:43
Desconocido;frutas-y-verduras;Banana Ecuador (Kg);$ 1.490,00;https://d1on8qs0xdu5jz.cloudfront.net/web/images/productos/c/0000002000/2393.jpg;22/05/2024, 00:00:43
Desconocido;frutas-y-verduras;Cebolla (Kg);$2.900,00;https://d1on8qs0xdu5jz.cloudfront.net/web/images/productos/c/0000000050/56.jpg;22/05/2024, 00:00:43
Desconocido;frutas-y-verduras;Zanahoria (Kg);$ 2.590,00;https://d1on8qs0xdu5jz.cloudfront.net/web/images/productos/c/0000002000/2391.jpg;22/05/2024, 00:00:43
Desconocido;frutas-y-verduras;Mandarina (Kg);$2390.00;https://d1on8qs0xdu5jz.cloudfront.net/web/images/productos/c/0000002000/2396.jpg;22/05/2024, 00:00:43
Desconocido;frutas-y-verduras;Manzana Red Bolsita (Kg);$ 1.690,00;https://d1on8qs0xdu5jz.cloudfront.net/web/images/productos/c/0000003000/3111.jpg;22/05/2024, 00:00:43
Desconocido;frutas-y-verduras;Zapallito Redondo (Kg);$10.900,00;https://d1on8qs0xdu5jz.cloudfront.net/web/images/productos/c/0000002000/2392.jpg;22/05/2024, 00:00:43
Desconocido;frutas-y-verduras;Pera (Kg);$ 8.690,00;https://d1on8qs0xdu5jz.cloudfront.net/web/images/productos/c/0000002000/2404.jpg;22/05/2024, 00:00:43
Desconocido;frutas-y-verduras;Limón (Kg);$860,00;https://d1on8qs0xdu5jz.cloudfront.net/web/images/productos/c/0000002000/2395.jpg;22/05/2024, 00:00:43
Desconocido;frutas-y-verduras;Naranja (Kg);$ 689,15;https://d1on8qs0xdu5jz.cloudfront.net/web/images/productos/c/0000002000/2401.jpg;22/05/2024, 00:00:43
Desconocido;frutas-y-verduras;Zapallo Ingles (Kg);$4.600,00;https://d1on8qs0xdu5jz.cloudfront.net/web/images/productos/c/0000000070/70.jpg;22/05/2024, 00:00:43
Desconocido;frutas-y-verduras;Tomate Redondo (Kg);$ 3.990,00;https://d1on8qs0xdu5jz.cloudfront.net/web/images/productos/c/0000002000/2390.jpg;22/05/2024, 00:00:43
Desconocido;frutas-y-verduras;Batata (Kg);$7.850,00;https://d1on8qs0xdu5jz.cloudfront.net/web/images/productos/c/0000002000/2375.jpg;22/05/2024, 00:00:43
Desconocido;frutas-y-verduras;Zanahoria Comercial Bolsita (Kg);$ 3.790,00;https://d1on8qs0xdu5jz.cloudfront.net/web/images/productos/c/0000003000/3114.jpg;22/05/2024, 00:00:43
Desconocido;frutas-y-verduras;Manzana Red Elegida (Kg);$3.400,00;https://d1on8qs0xdu5jz.cloudfront.net/web/images/productos/c/0000002000/2399.jpg;22/05/2024, 00:00:43
Desconocido;frutas-y-verduras;Berenjena (Kg);$ 2.990,00;https://d1on8qs0xdu5jz.cloudfront.net/web/images/productos/c/0000002000/2376.jpg;22/05/2024, 00:00:43
Desconocido;frutas-y-verduras;Batata Boniato (Kg);$990,00;https://d1on8qs0xdu5jz.cloudfront.net/web/images/productos/c/0000003000/3303.jpg;22/05/2024, 00:00:43
Desconocido;frutas-y-verduras;Rúcula Envasada x 70 gr;$ 792,82;https://d1on8qs0xdu5jz.cloudfront.net/web/images/productos/c/0000000000/138.jpg;22/05/2024, 00:00:43
Desconocido;frutas-y-verduras;Papa Bolsita Elegida (Kg);$2.450,00;https://d1on8qs0xdu5jz.cloudfront.net/web/images/productos/c/0000003000/3306.jpg;22/05/2024, 00:00:43
Desconocido;frutas-y-verduras;Choclo sin chala Envasado x 530 gr;$ 2.290,00;https://d1on8qs0xdu5jz.cloudfront.net/web/images/productos/c/0000001000/1458.jpg;22/05/2024, 00:00:43
Desconocido;frutas-y-verduras;Lechuga Hidropónica x unidad;$ 1.399,00;https://d1on8qs0xdu5jz.cloudfront.net/web/images/productos/c/0000000000/536.jpg;22/05/2024, 00:00:43
Desconocido;frutas-y-verduras;Acelga Envasada x 500 gr;$ 1.119,20;https://d1on8qs0xdu5jz.cloudfront.net/web/images/productos/c/0000001000/1561.jpg;22/05/2024, 00:00:43
Desconocido;frutas-y-verduras;Papa Comercial Bolsita (Kg);$ 1.990,00;https://d1on8qs0xdu5jz.cloudfront.net/web/images/productos/c/0000000050/59.jpg;22/05/2024, 00:00:43
Desconocido;frutas-y-verduras;Zapallo Anco Comercial Bolsita (Kg);$ 1.624,00;https://d1on8qs0xdu5jz.cloudfront.net/web/images/productos/c/0000000000/149.jpg;22/05/2024, 00:00:43
Desconocido;frutas-y-verduras;Morrón Colorado (Kg);$ 1.299,20;https://d1on8qs0xdu5jz.cloudfront.net/web/images/productos/c/0000002000/2372.jpg;22/05/2024, 00:00:43
Desconocido;frutas-y-verduras;Uvas (Kg);$ 1.190,00;https://d1on8qs0xdu5jz.cloudfront.net/web/images/productos/c/0000002000/2406.jpg;22/05/2024, 00:00:43
Desconocido;frutas-y-verduras;Manzana Grany Elegida (Kg);$ 1.890,00;https://d1on8qs0xdu5jz.cloudfront.net/web/images/productos/c/0000002000/2398.jpg;22/05/2024, 00:00:43
Desconocido;frutas-y-verduras;Lechuga Francesa Envasada x 250 gr;$1990.00;https://d1on8qs0xdu5jz.cloudfront.net/web/images/productos/c/0000003000/3331.jpg;22/05/2024, 00:00:43
Desconocido;frutas-y-verduras;Lechuga Capuchina Envasada x 350 gr;$ 1.590,00;https://d1on8qs0xdu5jz.cloudfront.net/web/images/productos/c/0000001000/1562.jpg;22/05/2024, 00:00:43
Desconocido;frutas-y-verduras;Champignon Portobello Bandeja x 200 gr;$ 2.290,00;https://d1on8qs0xdu5jz.cloudfront.net/web/images/productos/c/0000003000/3322.jpg;22/05/2024, 00:00:43
Desconocido;frutas-y-verduras;Cebolla de Verdeo Envasada x 250 g.;$ 1.624,00;;22/05/2024, 00:00:43
Desconocido;frutas-y-verduras;Espinaca Envasada X Unidad x 400 gr;$ 1.299,20;https://d1on8qs0xdu5jz.cloudfront.net/web/images/productos/c/0000001000/1564.jpg;22/05/2024, 00:00:43
Desconocido;frutas-y-verduras;Kiwi (Kg);$ 990,00;https://d1on8qs0xdu5jz.cloudfront.net/web/images/productos/c/0000002000/2407.jpg;22/05/2024, 00:00:43
Desconocido;frutas-y-verduras;Champignon Bandeja x 200 gr;$2990.00;https://d1on8qs0xdu5jz.cloudfront.net/web/images/productos/c/0000003000/3321.jpg;22/05/2024, 00:00:43
Desconocido;frutas-y-verduras;Morrón Verde (Kg);$ 2.690,00;https://d1on8qs0xdu5jz.cloudfront.net/web/images/productos/c/0000002000/2373.jpg;22/05/2024, 00:00:43
Desconocido;frutas-y-verduras;Lechuga Mantecosa Envasada x 200 gr;$ 699,00;https://d1on8qs0xdu5jz.cloudfront.net/web/images/productos/c/0000003000/3332.jpg;22/05/2024, 00:00:43
Desconocido;frutas-y-verduras;Pepino (Kg);$ 559,20;https://d1on8qs0xdu5jz.cloudfront.net/web/images/productos/c/0000002000/2384.jpg;22/05/2024, 00:00:43
Desconocido;frutas-y-verduras;Girasol Tostado sin Sal x 200 gr;$ 4.890,00;https://d1on8qs0xdu5jz.cloudfront.net/web/images/productos/c/0000003000/3325.jpg;22/05/2024, 00:00:43
Desconocido;frutas-y-verduras;Girasol Tostado Salado x 200 gr;$ 1.290,00;https://d1on8qs0xdu5jz.cloudfront.net/web/images/productos/c/0000003000/3037.jpg;22/05/2024, 00:00:43
Desconocido;frutas-y-verduras;Cebolla Roja (Kg);$ 999,00;https://d1on8qs0xdu5jz.cloudfront.net/web/images/productos/c/0000003000/3302.jpg;22/05/2024, 00:00:43
Desconocido;frutas-y-verduras;Zapallito Largo (Kg);$ 2.990,00;https://d1on8qs0xdu5jz.cloudfront.net/web/images/productos/c/0000003000/3309.jpg;22/05/2024, 00:00:43
Desconocido;frutas-y-verduras;Perejil Envasado x 100 gr;$ 1.690,00;https://d1on8qs0xdu5jz.cloudfront.net/web/images/productos/c/0000000000/139.jpg;22/05/2024, 00:00:43
Desconocido;frutas-y-verduras;Melón (Kg);$ 1.590,00;https://d1on8qs0xdu5jz.cloudfront.net/web/images/productos/c/0000002000/2400.jpg;22/05/2024, 00:00:43
Desconocido;frutas-y-verduras;Cebolla Comercial Bolsita (Kg);$ 1.590,00;;22/05/2024, 00:00:43
Desconocido;frutas-y-verduras;Manzana Grany Comercial Bolsita (Kg);$ 1.490,00;https://d1on8qs0xdu5jz.cloudfront.net/web/images/productos/c/0000026000/26827.jpg;22/05/2024, 00:00:43
Desconocido;frutas-y-verduras;Brócoli (Kg);$ 3.590,00;https://d1on8qs0xdu5jz.cloudfront.net/web/images/productos/c/0000002000/2377.jpg;22/05/2024, 00:00:43
Desconocido;frutas-y-verduras;Penca de Acelga x 300 g.;$ 1.690,00;;22/05/2024, 00:00:43
Desconocido;frutas-y-verduras;Maní Tostado Con Cascara (Kg);$2749.00;https://d1on8qs0xdu5jz.cloudfront.net/web/images/productos/c/0000000070/73.jpg;22/05/2024, 00:00:43
Desconocido;frutas-y-verduras;Ensalada Coleslaw x 250 g.;$ 2.499,00;https://d1on8qs0xdu5jz.cloudfront.net/web/images/productos/c/0000026000/26856.jpg;22/05/2024, 00:00:43
Desconocido;frutas-y-verduras;Coliflor (Kg);$ 1.190,00;https://d1on8qs0xdu5jz.cloudfront.net/web/images/productos/c/0000002000/2381.jpg;22/05/2024, 00:00:43
Desconocido;frutas-y-verduras;Rabanito Envasado x 200 gr;$ 569,00;https://d1on8qs0xdu5jz.cloudfront.net/web/images/productos/c/0000003000/3319.jpg;22/05/2024, 00:00:43
Desconocido;frutas-y-verduras;Zanahoria Baby envasada x 250 gr;$ 6.590,00;https://d1on8qs0xdu5jz.cloudfront.net/web/images/productos/c/0000003000/3320.jpg;22/05/2024, 00:00:43
Desconocido;frutas-y-verduras;Perejil X Atado x 1 Un.;$ 3.990,00;https://d1on8qs0xdu5jz.cloudfront.net/web/images/productos/c/0000026000/26855.jpg;22/05/2024, 00:00:43
Desconocido;frutas-y-verduras;Vegetales para Sopa O Guarnición Mic Rie La Huerta x 400 g.;$ 3.990,00;;22/05/2024, 00:00:43
Desconocido;frutas-y-verduras;Vegetales para Wok Rie La Huerta x 370 g.;$ 2.990,00;https://d1on8qs0xdu5jz.cloudfront.net/web/images/productos/c/0000026000/26952.jpg;22/05/2024, 00:00:43
Desconocido;frutas-y-verduras;Semillas de Lino For Good x 150 g.;$ 2.490,00;https://d1on8qs0xdu5jz.cloudfront.net/web/images/productos/c/0000008000/8644.jpg;22/05/2024, 00:00:43
Desconocido;frutas-y-verduras;Jengibre (Kg);$ 2.890,00;https://d1on8qs0xdu5jz.cloudfront.net/web/images/productos/c/0000003000/3290.jpg;22/05/2024, 00:00:43
Desconocido;frutas-y-verduras;Zanahoria Rallada Rie La Huerta x 250 g.;$7999.00;https://d1on8qs0xdu5jz.cloudfront.net/web/images/productos/c/0000026000/26927.jpg;22/05/2024, 00:00:43
Desconocido;frutas-y-verduras;Cebolla Blanca (Kg);$ 4.999,20;https://d1on8qs0xdu5jz.cloudfront.net/web/images/productos/c/0000003000/3312.jpg;22/05/2024, 00:00:43
Desconocido;frutas-y-verduras;Cilantro Envasado x 70 gr;$ 4.990,00;https://d1on8qs0xdu5jz.cloudfront.net/web/images/productos/c/0000003000/3317.jpg;22/05/2024, 00:00:43
Desconocido;frutas-y-verduras;Ciruela (Kg);$ 3.990,00;https://d1on8qs0xdu5jz.cloudfront.net/web/images/productos/c/0000000060/63.jpg;22/05/2024, 00:00:43
Desconocido;frutas-y-verduras;Tomate Cherry (Kg);$ 2.590,00;https://d1on8qs0xdu5jz.cloudfront.net/web/images/productos/c/0000003000/3307.jpg;22/05/2024, 00:00:43
Desconocido;frutas-y-verduras;Nueces Peladas El Peoncito Bolsa x 100 g.;$ 799,00;https://d1on8qs0xdu5jz.cloudfront.net/web/images/productos/c/0000002000/2088.jpg;22/05/2024, 00:00:43
Desconocido;frutas-y-verduras;Tomate Perita (Kg);$ 2.290,00;https://d1on8qs0xdu5jz.cloudfront.net/web/images/productos/c/0000003000/3308.jpg;22/05/2024, 00:00:43
Desconocido;frutas-y-verduras;Morrón Variedades (Kg);$ 2.590,00;https://d1on8qs0xdu5jz.cloudfront.net/web/images/productos/c/0000003000/3299.jpg;22/05/2024, 00:00:43
Desconocido;frutas-y-verduras;Mango (Kg);$ 1.390,00;https://d1on8qs0xdu5jz.cloudfront.net/web/images/productos/c/0000002000/2397.jpg;22/05/2024, 00:00:43
Desconocido;frutas-y-verduras;Lechuga Morada Envasada x 1 Un.;$ 1.990,00;;22/05/2024, 00:00:43
Desconocido;frutas-y-verduras;Pasas de Uva Sultanina Negras El Peoncito x 100 g.;$ 1.099,00;https://d1on8qs0xdu5jz.cloudfront.net/web/images/productos/c/0000002000/2089.jpg;22/05/2024, 00:00:43
Desconocido;frutas-y-verduras;Maní Frito con Piel Maní King x 500 g.;$ 1.990,00;https://d1on8qs0xdu5jz.cloudfront.net/web/images/productos/c/0000026000/26921.jpg;22/05/2024, 00:00:43
Desconocido;frutas-y-verduras;Lechuga Capuchina (Kg);$ 899,00;https://d1on8qs0xdu5jz.cloudfront.net/web/images/productos/c/0000002000/2383.jpg;22/05/2024, 00:00:43
Desconocido;frutas-y-verduras;Maní Honey Roasted Spicy Dec Alimentos x 220 g.;$ 4.990,00;https://d1on8qs0xdu5jz.cloudfront.net/web/images/productos/c/0000026000/26960.jpg;22/05/2024, 00:00:43
Desconocido;frutas-y-verduras;Mix de Frutos Secos Salados El Peoncito x 100 g.;$ 2.290,00;https://d1on8qs0xdu5jz.cloudfront.net/web/images/productos/c/0000004000/4715.jpg;22/05/2024, 00:00:43
Desconocido;frutas-y-verduras;Brócoli Envasado x 250 g.;$ 3.990,00;;22/05/2024, 00:00:43
Desconocido;frutas-y-verduras;Almendras Peladas El Peoncito x 100 g.;$ 1.490,00;https://d1on8qs0xdu5jz.cloudfront.net/web/images/productos/c/0000001000/1971.jpg;22/05/2024, 00:00:43
Desconocido;frutas-y-verduras;Castañas de Caju Salada y Tostada Villares x 150 g.;$ 2.490,00;https://d1on8qs0xdu5jz.cloudfront.net/web/images/productos/c/0000007000/7619.jpg;22/05/2024, 00:00:43
Desconocido;frutas-y-verduras;Hierbas Aromáticas Frescas x 20 g.;$ 1.390,00;;22/05/2024, 00:00:43
Desconocido;frutas-y-verduras;Ensalada Lechugas y Cherry Rie Rie La Huerta x 200 g.;$ 920,00;https://d1on8qs0xdu5jz.cloudfront.net/web/images/productos/c/0000026000/26871.jpg;22/05/2024, 00:00:43
Desconocido;frutas-y-verduras;Nuez C/Cascara (Kg);$ 1.800,00;https://d1on8qs0xdu5jz.cloudfront.net/web/images/productos/c/0000002000/2796.jpg;22/05/2024, 00:00:43
Desconocido;frutas-y-verduras;Blanco de Apio Rie La Huerta x 300 g.;$ 6.990,00;https://d1on8qs0xdu5jz.cloudfront.net/web/images/productos/c/0000026000/26891.jpg;22/05/2024, 00:00:43
Desconocido;frutas-y-verduras;Espinaca Baby Hojas Verdes y Rojas Rie La Huerta x 150 g.;$ 2.490,00;https://d1on8qs0xdu5jz.cloudfront.net/web/images/productos/c/0000026000/26893.jpg;22/05/2024, 00:00:43
Desconocido;frutas-y-verduras;Puerro Envasado x 250 g.;$ 1.100,00;;22/05/2024, 00:00:43
Desconocido;frutas-y-verduras;Lechuga Hidropónica Mantecosa x 1 Un.;$ 2.290,00;;22/05/2024, 00:00:43
Desconocido;frutas-y-verduras;Mix Frutas Secas The Happy Snack x 300 g.;$ 2.100,00;https://d1on8qs0xdu5jz.cloudfront.net/web/images/productos/c/0000026000/26913.jpg;22/05/2024, 00:00:43
Desconocido;frutas-y-verduras;Mix de Frutos Secos Tropical El Peoncito x 100 g.;$ 1.590,00;https://d1on8qs0xdu5jz.cloudfront.net/web/images/productos/c/0000000000/549.jpg;22/05/2024, 00:00:43
Desconocido;frutas-y-verduras;Piña (Kg);$ 2.890,00;https://d1on8qs0xdu5jz.cloudfront.net/web/images/productos/c/0000002000/2599.jpg;22/05/2024, 00:00:43
Desconocido;frutas-y-verduras;Espinaca y Acelga Lavada y Cortada Mic Rie La Huerta x 500 g.;$ 4.990,00;;22/05/2024, 00:00:43
Desconocido;frutas-y-verduras;Mix de Frutas Secas Desec Patagónico El Peoncito x 100 g.;$ 3.400,00;https://d1on8qs0xdu5jz.cloudfront.net/web/images/productos/c/0000009000/9006.jpg;22/05/2024, 00:00:43
Desconocido;frutas-y-verduras;Nueces Peladas Pote Conosur x 100 g.;$ 3.000,00;https://d1on8qs0xdu5jz.cloudfront.net/web/images/productos/c/0000008000/8752.jpg;22/05/2024, 00:00:43
Desconocido;frutas-y-verduras;Pistacho c/Cascara Salado y Tostado El Peoncito x 200 g.;$ 4.890,00;https://d1on8qs0xdu5jz.cloudfront.net/web/images/productos/c/0000011000/11320.jpg;22/05/2024, 00:00:43
Desconocido;frutas-y-verduras;Semillas de Chía For Good x 150 g.;$ 7.999,00;https://d1on8qs0xdu5jz.cloudfront.net/web/images/productos/c/0000004000/4931.jpg;22/05/2024, 00:00:43
Desconocido;frutas-y-verduras;Cebolla Verdeo (Kg);$ 3.990,00;https://d1on8qs0xdu5jz.cloudfront.net/web/images/productos/c/0000002000/2379.jpg;22/05/2024, 00:00:43
Desconocido;frutas-y-verduras;Choclo sin chala (Kg);$ 960,00;https://d1on8qs0xdu5jz.cloudfront.net/web/images/productos/c/0000002000/2380.jpg;22/05/2024, 00:00:43
Desconocido;frutas-y-verduras;Mix de Frutas Secas El Peoncito x 100 g.;$ 3.990,00;https://d1on8qs0xdu5jz.cloudfront.net/web/images/productos/c/0000003000/3172.jpg;22/05/2024, 00:00:43
Desconocido;frutas-y-verduras;Pasas de Uva Moscatel El Peoncito x 250 g.;$ 3.050,00;https://d1on8qs0xdu5jz.cloudfront.net/web/images/productos/c/0000003000/3434.jpg;22/05/2024, 00:00:43
Desconocido;frutas-y-verduras;Mix Brócoli Coliflor x 300 g.;$ 2.990,00;;22/05/2024, 00:00:43
Desconocido;frutas-y-verduras;Almendras La Anónima (Kg);$ 2.850,00;;22/05/2024, 00:00:43
Desconocido;frutas-y-verduras;Cebolla en Tubo (Kg);$ 2.000,00;;22/05/2024, 00:00:43
Desconocido;frutas-y-verduras;Zanahoria Rallada Roots x 250 g.;$ 2.990,00;https://d1on8qs0xdu5jz.cloudfront.net/web/images/productos/c/0000026000/26857.jpg;22/05/2024, 00:00:43
Desconocido;frutas-y-verduras;Espinaca Baby Rie La Huerta x 150 g.;$ 3.550,00;;22/05/2024, 00:00:43
Desconocido;frutas-y-verduras;Kale & Remolacha Sueño Verde x 200 g.;$ 6.200,00;https://d1on8qs0xdu5jz.cloudfront.net/web/images/productos/c/0000026000/26862.jpg;22/05/2024, 00:00:43
Desconocido;frutas-y-verduras;Almendras Peladas Medianas El Peoncito x 250 g.;$ 1.590,00;https://d1on8qs0xdu5jz.cloudfront.net/web/images/productos/c/0000006000/6640.jpg;22/05/2024, 00:00:43
Desconocido;frutas-y-verduras;Ensalada Lechuga Repollo y Zanahoria Rie La Huerta x 200 g.;$ 5.000,00;https://d1on8qs0xdu5jz.cloudfront.net/web/images/productos/c/0000026000/26872.jpg;22/05/2024, 00:00:43
Desconocido;frutas-y-verduras;Ensalada Rúcula y Radicchio Sueño Verde x 110 g.;$ 4.100,00;https://d1on8qs0xdu5jz.cloudfront.net/web/images/productos/c/0000026000/26876.jpg;22/05/2024, 00:00:43
Desconocido;frutas-y-verduras;Plátano (Kg);$ 3.290,00;https://d1on8qs0xdu5jz.cloudfront.net/web/images/productos/c/0000003000/3316.jpg;22/05/2024, 00:00:43
Desconocido;frutas-y-verduras;Coco (Kg);$ 4.390,00;https://d1on8qs0xdu5jz.cloudfront.net/web/images/productos/c/0000007000/7136.jpg;22/05/2024, 00:00:45
Desconocido;frutas-y-verduras;Maní Japones Conosur x 400 g.;$ 3.750,00;;22/05/2024, 00:00:45
Desconocido;frutas-y-verduras;Mix de Frutas Secas Maní Almendras Casta Croppers x 80 g.;$ 635,00;https://d1on8qs0xdu5jz.cloudfront.net/web/images/productos/c/0000026000/26881.jpg;22/05/2024, 00:00:45
Desconocido;frutas-y-verduras;Radiccio Envasado x 320 gr;$ 2.290,00;https://d1on8qs0xdu5jz.cloudfront.net/web/images/productos/c/0000003000/3333.jpg;22/05/2024, 00:00:45
Desconocido;frutas-y-verduras;Chips de Manzana Roja Fruch x 35 g.;$ 1.690,00;https://d1on8qs0xdu5jz.cloudfront.net/web/images/productos/c/0000026000/26885.jpg;22/05/2024, 00:00:45
Desconocido;frutas-y-verduras;Pasas de Uva Sultaninas La Parmesana x 250 g.;$ 142,00;https://d1on8qs0xdu5jz.cloudfront.net/web/images/productos/c/0000008000/8454.jpg;22/05/2024, 00:00:45
Desconocido;frutas-y-verduras;Chips de Manzana Verde Fruch x 35 g.;$ 1.690,00;https://d1on8qs0xdu5jz.cloudfront.net/web/images/productos/c/0000026000/26886.jpg;22/05/2024, 00:00:45
Desconocido;frutas-y-verduras;Mix de Frutas The Happy Snack x 40 g.;$ 880,00;;22/05/2024, 00:00:45
Desconocido;frutas-y-verduras;Mix Europa The Happy Snack x 40 g.;$ 920,00;;22/05/2024, 00:00:45
Desconocido;frutas-y-verduras;Mix Desayuno The Happy Snack x 40 g.;$ 880,00;;22/05/2024, 00:00:45
Desconocido;frutas-y-verduras;Mix Energético The Healthy Snack x 50 g.;$ 87,00;;22/05/2024, 00:00:45
Desconocido;frutas-y-verduras;Pistachos Tostados y Salados El Peoncito x 100 g.;$ 5.000,00;https://d1on8qs0xdu5jz.cloudfront.net/web/images/productos/c/0000008000/8462.jpg;22/05/2024, 00:00:45
Desconocido;frutas-y-verduras;Avellanas Peladas Villares x 150 g.;$ 315,00;;22/05/2024, 00:00:45
Desconocido;frutas-y-verduras;Semillas de Girasol El Peoncito x 100 g.;$ 1.450,00;https://d1on8qs0xdu5jz.cloudfront.net/web/images/productos/c/0000002000/2839.jpg;22/05/2024, 00:00:45
Desconocido;frutas-y-verduras;Semillas de Chía El Peoncito x 100 g.;$ 1.650,00;https://d1on8qs0xdu5jz.cloudfront.net/web/images/productos/c/0000002000/2840.jpg;22/05/2024, 00:00:45
Desconocido;frutas-y-verduras;Lechuga Hidropónica Variedades x 1 Un.;$ 1.690,00;;22/05/2024, 00:00:45
Desconocido;frutas-y-verduras;Mix Desayuno The Happy Snack x 300 g.;$ 5.350,00;https://d1on8qs0xdu5jz.cloudfront.net/web/images/productos/c/0000026000/26914.jpg;22/05/2024, 00:00:45
Desconocido;frutas-y-verduras;Ensalada Cítrica Sueño Verde x 200 g.;$ 3.990,00;https://d1on8qs0xdu5jz.cloudfront.net/web/images/productos/c/0000026000/26916.jpg;22/05/2024, 00:00:45
Desconocido;frutas-y-verduras;Semillas de Chía Genser x 150 g.;$ 999,00;https://d1on8qs0xdu5jz.cloudfront.net/web/images/productos/c/0000010000/10021.jpg;22/05/2024, 00:00:45
Desconocido;frutas-y-verduras;Almendras Peladas sin Tacc The Happy Snack x 50 g.;$ 2.100,00;https://d1on8qs0xdu5jz.cloudfront.net/web/images/productos/c/0000026000/26917.jpg;22/05/2024, 00:00:45
Desconocido;frutas-y-verduras;Mix Energético sin Tacc The Happy Snack x 50 g.;$ 1.600,00;https://d1on8qs0xdu5jz.cloudfront.net/web/images/productos/c/0000026000/26919.jpg;22/05/2024, 00:00:45
Desconocido;frutas-y-verduras;Ciruelas Secas El Peoncito x 500 g.;$ 344,00;;22/05/2024, 00:00:45
Desconocido;frutas-y-verduras;Mix Global sin Tacc The Happy Snack x 25 g.;$ 620,00;;22/05/2024, 00:00:45
Desconocido;frutas-y-verduras;Pasas de Uva Sultanina Negras El Peoncito x 250 g.;$ 2.300,00;https://d1on8qs0xdu5jz.cloudfront.net/web/images/productos/c/0000002000/2090.jpg;22/05/2024, 00:00:45
Desconocido;frutas-y-verduras;Espinaca Baby Hidropónica Vequa x 170 g.;$ 1.190,00;https://d1on8qs0xdu5jz.cloudfront.net/web/images/productos/c/0000026000/26922.jpg;22/05/2024, 00:00:45
Desconocido;frutas-y-verduras;Chaucha Envasada Mic x 230 g.;$ 3.490,00;;22/05/2024, 00:00:45
Desconocido;frutas-y-verduras;Zanahoria y Remolacha Rallada Rie La Huerta x 250 g.;$ 1.190,00;https://d1on8qs0xdu5jz.cloudfront.net/web/images/productos/c/0000026000/26926.jpg;22/05/2024, 00:00:45
Desconocido;frutas-y-verduras;Garrapiñada de Maní Conosur x 500 g.;$ 4.150,00;https://d1on8qs0xdu5jz.cloudfront.net/web/images/productos/c/0000026000/26928.jpg;22/05/2024, 00:00:45
Desconocido;frutas-y-verduras;Mix Saladito Pote Conosur x 150 g.;$ 2.550,00;https://d1on8qs0xdu5jz.cloudfront.net/web/images/productos/c/0000008000/8753.jpg;22/05/2024, 00:00:45
Desconocido;frutas-y-verduras;Acelga Cortada Rocky Rocky x 500 g.;$ 1.190,00;;22/05/2024, 00:00:45
Desconocido;frutas-y-verduras;Ciruelas D Agen sin Carozo Nature Food x 200 g.;$ 2.500,00;;22/05/2024, 00:00:45
Desconocido;frutas-y-verduras;Ciruelas President sin Carozo Nature Food x 200 g.;$ 2.900,00;;22/05/2024, 00:00:45
Desconocido;frutas-y-verduras;Dátiles Nature Food x 200 g.;$ 4.800,00;;22/05/2024, 00:00:45
Desconocido;frutas-y-verduras;Higos Negros con Almendras Los Carolinos x 250 g.;$ 549,00;https://d1on8qs0xdu5jz.cloudfront.net/web/images/productos/c/0000009000/9015.jpg;22/05/2024, 00:00:45
Desconocido;frutas-y-verduras;Higos Negros Desecados Nature Food x 200 g.;$ 2.900,00;;22/05/2024, 00:00:45
Desconocido;frutas-y-verduras;Mix de Frutas Deshidratadas Nature Food x 200 g.;$ 3.450,00;;22/05/2024, 00:00:45
Desconocido;frutas-y-verduras;Pasas de Uva Morenas sin Semillas Nature Food x 200 g.;$ 2.600,00;;22/05/2024, 00:00:45
Desconocido;frutas-y-verduras;Pasas de Uva Rubias sin Semillas Nature Food x 200 g.;$ 2.900,00;;22/05/2024, 00:00:45
Desconocido;frutas-y-verduras;Peras en Mitades Desecadas Nature Food x 200 g.;$ 2.700,00;;22/05/2024, 00:00:45
Desconocido;frutas-y-verduras;Tomates Peritas Deshidratados Nature Food x 150 g.;$ 4.750,00;;22/05/2024, 00:00:45
Desconocido;frutas-y-verduras;Cereza (Kg);$ 4.390,00;https://d1on8qs0xdu5jz.cloudfront.net/web/images/productos/c/0000000060/62.jpg;22/05/2024, 00:00:45
Desconocido;frutas-y-verduras;Cebolla en Juliana x 260 g.;$ 999,00;;22/05/2024, 00:00:45
Desconocido;frutas-y-verduras;Frutas Surtidas Escurridas Almibaradas Villares x 250 g.;$ 670,00;https://d1on8qs0xdu5jz.cloudfront.net/web/images/productos/c/0000007000/7743.jpg;22/05/2024, 00:00:45
Desconocido;frutas-y-verduras;Nuez Pecan con Cascara (Kg);$ 9.590,00;;22/05/2024, 00:00:45
Desconocido;frutas-y-verduras;Maíz Frito Miel y Mostaza Atuel Valley x 30 g.;$ 1.050,00;https://d1on8qs0xdu5jz.cloudfront.net/web/images/productos/c/0000026000/26944.jpg;22/05/2024, 00:00:45
Desconocido;frutas-y-verduras;Durazno (Kg);$ 2.890,00;https://d1on8qs0xdu5jz.cloudfront.net/web/images/productos/c/0000000060/65.jpg;22/05/2024, 00:00:45
Desconocido;frutas-y-verduras;Cebolla Picada x 260 g.;$ 999,00;;22/05/2024, 00:00:45
Desconocido;frutas-y-verduras;Pelón (Kg);$ 2.890,00;https://d1on8qs0xdu5jz.cloudfront.net/web/images/productos/c/0000000060/66.jpg;22/05/2024, 00:00:45
Desconocido;frutas-y-verduras;Brotes de Alfalfa Atama Alimentos x 1 Un.;$ 0,00;;22/05/2024, 00:00:45
Desconocido;frutas-y-verduras;Papines Andinos x 600 g.;$ 4.290,00;https://d1on8qs0xdu5jz.cloudfront.net/web/images/productos/c/0000009000/9286.jpg;22/05/2024, 00:00:45
Desconocido;frutas-y-verduras;Girgolas x 150 g.;$ 2.490,00;;22/05/2024, 00:00:45
Desconocido;frutas-y-verduras;Almendras Conosur x 135 g.;$ 328,00;;22/05/2024, 00:00:45
Desconocido;frutas-y-verduras;Mix Coleslaw Rocky Rocky x 250 g.;$ 1.390,00;https://d1on8qs0xdu5jz.cloudfront.net/web/images/productos/c/0000026000/26956.jpg;22/05/2024, 00:00:45
Desconocido;frutas-y-verduras;Repollitos de Bruselas Apto Micro x 250 g.;$ 699,00;;22/05/2024, 00:00:45
Desconocido;frutas-y-verduras;Nuez Pecan Pelada Puerto Pecan x 250 g.;$ 7.990,00;;22/05/2024, 00:00:45
Desconocido;frutas-y-verduras;Maní Honey Roasted Dec Alimentos x 350 g.;$ 4.100,00;https://d1on8qs0xdu5jz.cloudfront.net/web/images/productos/c/0000026000/26959.jpg;22/05/2024, 00:00:45
Desconocido;frutas-y-verduras;Pipas Peladas sin Sal Pipas x 180 g.;$ 2.350,00;https://d1on8qs0xdu5jz.cloudfront.net/web/images/productos/c/0000026000/26962.jpg;22/05/2024, 00:00:45
Desconocido;frutas-y-verduras;Pipas Peladas Natural Pipas x 180 g.;$ 2.350,00;https://d1on8qs0xdu5jz.cloudfront.net/web/images/productos/c/0000026000/26963.jpg;22/05/2024, 00:00:45
Desconocido;frutas-y-verduras;Repollo Brusela (Kg);$ 1.990,00;https://d1on8qs0xdu5jz.cloudfront.net/web/images/productos/c/0000002000/2388.jpg;22/05/2024, 00:00:45
Desconocido;frutas-y-verduras;Remolacha en Cubos La Anónima x 350 g.;$ 699,00;;22/05/2024, 00:00:45
Desconocido;frutas-y-verduras;Esparrago Envasado x 350 g.;$ 1.490,00;;22/05/2024, 00:00:45
Desconocido;frutas-y-verduras;Naranja Comercial Bolsita (Kg);$3490.00;;22/05/2024, 00:00:45
Desconocido;frutas-y-verduras;Mix de Frutas Seca-Semillas Granada El Peoncito x 100 g.;$ 2.990,00;https://d1on8qs0xdu5jz.cloudfront.net/web/images/productos/c/0000003000/3171.jpg;22/05/2024, 00:00:45
Desconocido;frutas-y-verduras;Tomates Deshidratados El Peoncito x 100 g.;$ 2.150,00;https://d1on8qs0xdu5jz.cloudfront.net/web/images/productos/c/0000002000/2418.jpg;22/05/2024, 00:00:45
Desconocido;frutas-y-verduras;Semillas de Sésamo El Peoncito x 100 g.;$ 3.200,00;https://d1on8qs0xdu5jz.cloudfront.net/web/images/productos/c/0000007000/7800.jpg;22/05/2024, 00:00:45
Desconocido;frutas-y-verduras;Mix de Frutas Conosur x 150 g.;$ 1.700,00;https://d1on8qs0xdu5jz.cloudfront.net/web/images/productos/c/0000005000/5245.jpg;22/05/2024, 00:00:45
Desconocido;frutas-y-verduras;Bocaditos de Higo c/Nuez Los Carolinos x 225 g.;$ 252,00;https://d1on8qs0xdu5jz.cloudfront.net/web/images/productos/c/0000007000/7808.jpg;22/05/2024, 00:00:45
Desconocido;frutas-y-verduras;Mix de Frutas Secas Mani Almendras Pasas Croppers x 100 g.;$ 434,00;https://d1on8qs0xdu5jz.cloudfront.net/web/images/productos/c/0000008000/8321.jpg;22/05/2024, 00:00:45
Desconocido;frutas-y-verduras;Mix de Frutas Secas Mani-Alm Cast Croppers x 100 g.;$ 142,00;https://d1on8qs0xdu5jz.cloudfront.net/web/images/productos/c/0000008000/8322.jpg;22/05/2024, 00:00:45
Desconocido;frutas-y-verduras;Maní Tostado sin Sal Maní King x 500 gr;$ 147,00;https://d1on8qs0xdu5jz.cloudfront.net/web/images/productos/c/0000001000/1926.jpg;22/05/2024, 00:00:45
Desconocido;frutas-y-verduras;Coliflor Envasado x 300 g.;$ 3.990,00;;22/05/2024, 00:00:45
Desconocido;frutas-y-verduras;Almendras Peladas Villares x 150 g.;$ 2.990,00;https://d1on8qs0xdu5jz.cloudfront.net/web/images/productos/c/0000002000/2707.jpg;22/05/2024, 00:00:45
Desconocido;frutas-y-verduras;Almendras Saladas y Tostadas El Peoncito x 100 g.;$ 5.950,00;https://d1on8qs0xdu5jz.cloudfront.net/web/images/productos/c/0000002000/2708.jpg;22/05/2024, 00:00:45
Desconocido;frutas-y-verduras;Nueces Peladas Mariposa Villares x 100 g.;$ 176,00;https://d1on8qs0xdu5jz.cloudfront.net/web/images/productos/c/0000002000/2709.jpg;22/05/2024, 00:00:45
Desconocido;frutas-y-verduras;Ciruelas Secas Dagen El Peoncito x 500 g.;$ 115,00;;22/05/2024, 00:00:45
Desconocido;frutas-y-verduras;Ristra de Higos c/Nuez Aldeva x 200 g.;$ 188,00;https://d1on8qs0xdu5jz.cloudfront.net/web/images/productos/c/0000007000/7832.jpg;22/05/2024, 00:00:45
Desconocido;frutas-y-verduras;Mix de Semillas El Peoncito x 175 g.;$ 309,00;;22/05/2024, 00:00:45
Desconocido;frutas-y-verduras;Lechuga x unidad;$ 76,00;https://d1on8qs0xdu5jz.cloudfront.net/web/images/productos/c/0000001000/1433.jpg;22/05/2024, 00:00:45
Desconocido;frutas-y-verduras;Higos Negros Los Carolinos x 200 g.;$ 1.690,00;https://d1on8qs0xdu5jz.cloudfront.net/web/images/productos/c/0000007000/7833.jpg;22/05/2024, 00:00:45
Desconocido;frutas-y-verduras;Semillas de Lino El Peoncito x 175 g.;$ 68,00;;22/05/2024, 00:00:45
Desconocido;frutas-y-verduras;Pistacho c/Cascara Salado T Tostado El Peoncito x 200 g.;$ 360,00;;22/05/2024, 00:00:45
Desconocido;frutas-y-verduras;Almendras Pelada Mediana El Peoncito x 250 g.;$ 529,00;;22/05/2024, 00:00:45
Desconocido;frutas-y-verduras;Mix de Desayuno Alicante x 150 g.;$ 149,00;https://d1on8qs0xdu5jz.cloudfront.net/web/images/productos/c/0000019000/19621.jpg;22/05/2024, 00:00:45
Desconocido;frutas-y-verduras;Mix Serrano El Peoncito x 250 g.;$ 371,00;https://d1on8qs0xdu5jz.cloudfront.net/web/images/productos/c/0000009000/9386.jpg;22/05/2024, 00:00:45
Desconocido;frutas-y-verduras;Almendras Enteras Grado Superior Buenos Vientos x 100 g.;$ 212,00;https://d1on8qs0xdu5jz.cloudfront.net/web/images/productos/c/0000011000/11183.jpg;22/05/2024, 00:00:45
Desconocido;frutas-y-verduras;Almendras Enteras Gr Sup Tostadas Buenos Vientos x 100 g.;$ 905,00;https://d1on8qs0xdu5jz.cloudfront.net/web/images/productos/c/0000011000/11184.jpg;22/05/2024, 00:00:45
Desconocido;frutas-y-verduras;Mix de Frutos Secos Seleccionados Buenos Vientos x 150 g.;$ 1.109,00;https://d1on8qs0xdu5jz.cloudfront.net/web/images/productos/c/0000011000/11185.jpg;22/05/2024, 00:00:45
Desconocido;frutas-y-verduras;Nuez Mariposa Grado Superior Buenos Vientos x 150 g.;$ 1.259,00;https://d1on8qs0xdu5jz.cloudfront.net/web/images/productos/c/0000011000/11186.jpg;22/05/2024, 00:00:45
Desconocido;frutas-y-verduras;Ciruelas Disecadas A.Rodriguez x 250 g.;$ 1.189,00;;22/05/2024, 00:00:45
Desconocido;frutas-y-verduras;Pasas de Uva Sultanina A.Rodriguez x 100 g.;$ 0,00;https://d1on8qs0xdu5jz.cloudfront.net/web/images/productos/c/0000007000/7349.jpg;22/05/2024, 00:00:45
Desconocido;frutas-y-verduras;Semillas Snack Girasol For Good x 120 g.;$ 0,00;https://d1on8qs0xdu5jz.cloudfront.net/web/images/productos/c/0000005000/5302.jpg;22/05/2024, 00:00:45
Desconocido;frutas-y-verduras;Ají Picante (Kg);$ 109,00;;22/05/2024, 00:00:45
Desconocido;frutas-y-verduras;Ají Vinagre (Kg);$ 6.990,00;;22/05/2024, 00:00:45
Desconocido;frutas-y-verduras;Pimiento Dulce Palermo (Kg);$ 1.999,00;;22/05/2024, 00:00:45
Desconocido;frutas-y-verduras;Ciruelas Presidente s/Carozo Villares x 200 g.;$ 6.990,00;https://d1on8qs0xdu5jz.cloudfront.net/web/images/productos/c/0000007000/7617.jpg;22/05/2024, 00:00:45
Desconocido;frutas-y-verduras;Lima Tahiti (Kg);$ 279,00;;22/05/2024, 00:00:45
Desconocido;frutas-y-verduras;Mix Frutas Secas Croppers Arándados Rojos x 100 g.;$ 2.990,00;https://d1on8qs0xdu5jz.cloudfront.net/web/images/productos/c/0000005000/5314.jpg;22/05/2024, 00:00:45
Desconocido;frutas-y-verduras;Pasas de Uva Sultanina Negra Pote Villares x 200 g.;$ 202,00;https://d1on8qs0xdu5jz.cloudfront.net/web/images/productos/c/0000007000/7618.jpg;22/05/2024, 00:00:45
Desconocido;frutas-y-verduras;Champignon Portobello Granel (Kg);$ 2.050,00;;22/05/2024, 00:00:45
Desconocido;frutas-y-verduras;Mix Frutas Secas Croppers Nueces & Bananas x 100 g.;$ 12.450,00;https://d1on8qs0xdu5jz.cloudfront.net/web/images/productos/c/0000005000/5315.jpg;22/05/2024, 00:00:45
Desconocido;frutas-y-verduras;Lechuga Francesa (Kg);$ 216,00;;22/05/2024, 00:00:45
Desconocido;frutas-y-verduras;Mix Frutas Secas Croppers Almendras & Arándanos x 100 g.;$ 3.990,00;https://d1on8qs0xdu5jz.cloudfront.net/web/images/productos/c/0000005000/5316.jpg;22/05/2024, 00:00:45
Desconocido;frutas-y-verduras;Lechuga Mantecosa (Kg);$ 200,00;;22/05/2024, 00:00:45
Desconocido;frutas-y-verduras;Semillas de Girasol For Good x 125 g.;$ 3.990,00;https://d1on8qs0xdu5jz.cloudfront.net/web/images/productos/c/0000008000/8645.jpg;22/05/2024, 00:00:45
Desconocido;frutas-y-verduras;Sésamo Tostado For Good x 150 g.;$ 1.150,00;https://d1on8qs0xdu5jz.cloudfront.net/web/images/productos/c/0000008000/8646.jpg;22/05/2024, 00:00:45
Desconocido;frutas-y-verduras;Tomate Comercial Chico (Kg);$ 132,00;https://d1on8qs0xdu5jz.cloudfront.net/web/images/productos/c/0000026000/26822.jpg;22/05/2024, 00:00:45
Desconocido;frutas-y-verduras;Alcayota (Kg);$1600.00;;22/05/2024, 00:00:45
Desconocido;frutas-y-verduras;Manzana Variedades (Kg);$ 1.290,00;;22/05/2024, 00:00:45
Desconocido;frutas-y-verduras;Plantines Chicos x 1 Un.;$ 899,00;;22/05/2024, 00:00:45
Desconocido;frutas-y-verduras;Ají Dulce (Kg);$ 2.990,00;;22/05/2024, 00:00:45
Desconocido;frutas-y-verduras;Hongos Secos El Peoncito x 50 g.;$ 1.890,00;https://d1on8qs0xdu5jz.cloudfront.net/web/images/productos/c/0000006000/6865.jpg;22/05/2024, 00:00:45
Desconocido;frutas-y-verduras;Arándanos x 125 gr;$ 4.590,00;https://d1on8qs0xdu5jz.cloudfront.net/web/images/productos/c/0000000000/219.jpg;22/05/2024, 00:00:45
Desconocido;frutas-y-verduras;Semillas de Lino El Peoncito x 100 g.;$ 2.750,00;https://d1on8qs0xdu5jz.cloudfront.net/web/images/productos/c/0000004000/4059.jpg;22/05/2024, 00:00:45
Desconocido;frutas-y-verduras;Maíz Frito y Salado El Peoncito x 100 g.;$ 1.790,00;https://d1on8qs0xdu5jz.cloudfront.net/web/images/productos/c/0000026000/26844.jpg;22/05/2024, 00:00:45
Desconocido;frutas-y-verduras;Berro Hidropónico x 1 Un.;$ 46,90;;22/05/2024, 00:00:45
Desconocido;frutas-y-verduras;Achicoria (Kg);$ 2.700,00;https://d1on8qs0xdu5jz.cloudfront.net/web/images/productos/c/0000003000/3298.jpg;22/05/2024, 00:00:45
Desconocido;frutas-y-verduras;Maní Tostado con Pasas de Uva Croppers x 100 g.;$ 2.290,00;https://d1on8qs0xdu5jz.cloudfront.net/web/images/productos/c/0000006000/6627.jpg;22/05/2024, 00:00:45
Desconocido;frutas-y-verduras;Almendras Tostadas Saladas Croppers x 80 g.;$229.00;https://d1on8qs0xdu5jz.cloudfront.net/web/images/productos/c/0000006000/6628.jpg;22/05/2024, 00:00:45
Desconocido;frutas-y-verduras;Alcaucil (Kg);$ 169,00;https://d1on8qs0xdu5jz.cloudfront.net/web/images/productos/c/0000003000/3301.jpg;22/05/2024, 00:00:45
Desconocido;frutas-y-verduras;Avellanas Peladas Allhue x 100 g.;$ 97,00;;22/05/2024, 00:00:45
Desconocido;frutas-y-verduras;Mix de Frutos Secos y Pasas Europeo El Peoncito x 100 g.;$ 296,00;https://d1on8qs0xdu5jz.cloudfront.net/web/images/productos/c/0000004000/4329.jpg;22/05/2024, 00:00:45
Desconocido;frutas-y-verduras;Nueces Peladas Mariposa Allhue x 100 g.;$ 999,00;;22/05/2024, 00:00:45
Desconocido;frutas-y-verduras;Almendras Peladas Allhue x 100 g.;$ 55,00;;22/05/2024, 00:00:45
Desconocido;frutas-y-verduras;Radicheta Sueño Verde x 100 g.;$ 2.800,00;https://d1on8qs0xdu5jz.cloudfront.net/web/images/productos/c/0000026000/26858.jpg;22/05/2024, 00:00:45
Desconocido;frutas-y-verduras;Rúcula Sueño Verde x 100 g.;$ 51,00;https://d1on8qs0xdu5jz.cloudfront.net/web/images/productos/c/0000026000/26859.jpg;22/05/2024, 00:00:45
Desconocido;frutas-y-verduras;Mix de Frutas Secas Conosur Banana, Avellanas, Nueces y Pasas x 135 g.;$ 58,00;https://d1on8qs0xdu5jz.cloudfront.net/web/images/productos/c/0000005000/5363.jpg;22/05/2024, 00:00:45
Desconocido;frutas-y-verduras;Achicoria Envasada x 150 g.;$ 2.690,00;;22/05/2024, 00:00:45
Desconocido;frutas-y-verduras;Radicheta Envasada x 70 gr;$ 2.850,00;https://d1on8qs0xdu5jz.cloudfront.net/web/images/productos/c/0000003000/3318.jpg;22/05/2024, 00:00:45
Desconocido;frutas-y-verduras;Pasas de Uva Sultanina Rubias El Peoncito x 100 g.;$ 1.850,00;https://d1on8qs0xdu5jz.cloudfront.net/web/images/productos/c/0000006000/6903.jpg;22/05/2024, 00:00:46
Desconocido;frutas-y-verduras;Ciboulette Envasado x 70 gr;$ 1.590,00;https://d1on8qs0xdu5jz.cloudfront.net/web/images/productos/c/0000003000/3323.jpg;22/05/2024, 00:00:46
Desconocido;frutas-y-verduras;Plantines de Hortalizas x 1 Un.;$ 1.890,00;;22/05/2024, 00:00:46
Desconocido;frutas-y-verduras/hierbas-aromaticas-y-plantines;Pimienta Negra En Grano 50 Gr;$1.690;https://jumboargentinaio.vtexassets.com/arquivos/ids/203613-500-auto?v=636383656130300000&width=500&height=auto&aspect=true;21/05/2024, 19:46:20
Desconocido;frutas-y-verduras/hierbas-aromaticas-y-plantines;Oregano Deshidratado;$1.290;https://jumboargentinaio.vtexassets.com/arquivos/ids/537443-500-auto?v=636972888853630000&width=500&height=auto&aspect=true;21/05/2024, 19:46:20
Desconocido;frutas-y-verduras/hierbas-aromaticas-y-plantines;Ajo Deshidratado Molido;$1.690;https://jumboargentinaio.vtexassets.com/arquivos/ids/763095-500-auto?v=638076873859570000&width=500&height=auto&aspect=true;21/05/2024, 19:46:20
Desconocido;frutas-y-verduras/hierbas-aromaticas-y-plantines;Pimenton Extra X 50 Grs;$1.390;https://jumboargentinaio.vtexassets.com/arquivos/ids/555837-500-auto?v=637100325326200000&width=500&height=auto&aspect=true;21/05/2024, 19:46:20
Desconocido;frutas-y-verduras/hierbas-aromaticas-y-plantines;Adobo Para Pizza 100 Gr;$1.749;https://jumboargentinaio.vtexassets.com/arquivos/ids/447224-500-auto?v=636559052700130000&width=500&height=auto&aspect=true;21/05/2024, 19:46:20
Desconocido;frutas-y-verduras/hierbas-aromaticas-y-plantines;Condimento Para Pizza X 100 Grs;$1.790;https://jumboargentinaio.vtexassets.com/arquivos/ids/555839-500-auto?v=637100325336700000&width=500&height=auto&aspect=true;21/05/2024, 19:46:20
Desconocido;frutas-y-verduras/hierbas-aromaticas-y-plantines;Ají Molido 100 Gr;$1.990;https://jumboargentinaio.vtexassets.com/arquivos/ids/447200-500-auto?v=636559052593130000&width=500&height=auto&aspect=true;21/05/2024, 19:46:20
Desconocido;frutas-y-verduras/hierbas-aromaticas-y-plantines;Aji  Deshidratado Molido;$1.990;https://jumboargentinaio.vtexassets.com/arquivos/ids/536766-500-auto?v=636962661448970000&width=500&height=auto&aspect=true;21/05/2024, 19:46:20
Desconocido;frutas-y-verduras/hierbas-aromaticas-y-plantines;Condimento Para Preparar Pesto X 100 Grs;$NaN;https://jumboargentinaio.vtexassets.com/arquivos/ids/555836-500-auto?v=637100325037170000&width=500&height=auto&aspect=true;21/05/2024, 19:46:20
Desconocido;frutas-y-verduras/hierbas-aromaticas-y-plantines;Sal De Ajo X 100 Grs;$NaN;https://jumboargentinaio.vtexassets.com/arquivos/ids/555835-500-auto?v=637100324836200000&width=500&height=auto&aspect=true;21/05/2024, 19:46:20
Desconocido;frutas-y-verduras/hierbas-aromaticas-y-plantines;Chimichurri Clasico Deshidratado;$NaN;https://jumboargentinaio.vtexassets.com/arquivos/ids/536763-500-auto?v=636962661437400000&width=500&height=auto&aspect=true;21/05/2024, 19:46:20
Desconocido;frutas-y-verduras/huevos;Huevos Blancos Maxima 30 U;$5.650;https://jumboargentinaio.vtexassets.com/arquivos/ids/587049-500-auto?v=637269241832770000&width=500&height=auto&aspect=true;21/05/2024, 19:46:59
Desconocido;frutas-y-verduras/huevos;Huevos Blancos Doña Lala Maple X 30 U;$7.150;https://jumboargentinaio.vtexassets.com/arquivos/ids/677930-500-auto?v=637734621772830000&width=500&height=auto&aspect=true;21/05/2024, 19:46:59
Desconocido;frutas-y-verduras/huevos;Huevos Blancos Avicoper 30 U;$6.750;https://jumboargentinaio.vtexassets.com/arquivos/ids/195441-500-auto?v=636383565319570000&width=500&height=auto&aspect=true;21/05/2024, 19:46:59
Desconocido;frutas-y-verduras/huevos;Huevos Libres De Jaula Cuisine &co X6;$1.950;https://jumboargentinaio.vtexassets.com/arquivos/ids/767972-500-auto?v=638114026058500000&width=500&height=auto&aspect=true;21/05/2024, 19:46:59
Desconocido;frutas-y-verduras/huevos;Huevos Blancos Avicoper 6 U - 1 Paquete;$1.650;https://jumboargentinaio.vtexassets.com/arquivos/ids/194788-500-auto?v=636383557325470000&width=500&height=auto&aspect=true;21/05/2024, 19:46:59
Desconocido;frutas-y-verduras/huevos;Huevos Blancos Doña Lala X 12u Carton;$3.200;https://jumboargentinaio.vtexassets.com/arquivos/ids/677925-500-auto?v=637734621757330000&width=500&height=auto&aspect=true;21/05/2024, 19:46:59
Desconocido;frutas-y-verduras/huevos;Huevo Color  Avicereal Media Docena Caja X 6;$2.450;https://jumboargentinaio.vtexassets.com/arquivos/ids/178531-500-auto?v=636383365881000000&width=500&height=auto&aspect=true;21/05/2024, 19:46:59
Desconocido;frutas-y-verduras/huevos;Huevos De Color Avicoper 12 U - 1 Paquete;$4.750;https://jumboargentinaio.vtexassets.com/arquivos/ids/188696-500-auto?v=636383496879400000&width=500&height=auto&aspect=true;21/05/2024, 19:46:59
Desconocido;frutas-y-verduras/legumbres-granos-y-semillas;Arroz Yamani 400 Gr;$849;https://jumboargentinaio.vtexassets.com/arquivos/ids/503119-500-auto?v=636814903233400000&width=500&height=auto&aspect=true;21/05/2024, 19:47:49
Desconocido;frutas-y-verduras/legumbres-granos-y-semillas;Harina De Garbanzo;$1.499;https://jumboargentinaio.vtexassets.com/arquivos/ids/809008-500-auto?v=638430250265570000&width=500&height=auto&aspect=true;21/05/2024, 19:47:49
Desconocido;frutas-y-verduras/legumbres-granos-y-semillas;Garbanzos X 500 Gr-bsa-gr.-500;$2.499;https://jumboargentinaio.vtexassets.com/arquivos/ids/717425-500-auto?v=637981725713000000&width=500&height=auto&aspect=true;21/05/2024, 19:47:49
Desconocido;frutas-y-verduras/legumbres-granos-y-semillas;Harina De Lino-bolsa-gr.-250;$1.599;https://jumboargentinaio.vtexassets.com/arquivos/ids/756306-500-auto?v=638028274076300000&width=500&height=auto&aspect=true;21/05/2024, 19:47:49
Desconocido;frutas-y-verduras/legumbres-granos-y-semillas;Mezcla De Semillas Nativa 250 Gr;$2.499;https://jumboargentinaio.vtexassets.com/arquivos/ids/190880-500-auto?v=636383515968930000&width=500&height=auto&aspect=true;21/05/2024, 19:47:49
Desconocido;frutas-y-verduras/legumbres-granos-y-semillas;Harina De Quinoa-bsa-gr.-250;$5.990;https://jumboargentinaio.vtexassets.com/arquivos/ids/755950-500-auto?v=638025790111600000&width=500&height=auto&aspect=true;21/05/2024, 19:47:49
Desconocido;frutas-y-verduras/legumbres-granos-y-semillas;Poroto A Granel Vegetales 500 Gr;$4.999;https://jumboargentinaio.vtexassets.com/arquivos/ids/432622-500-auto?v=636513312379070000&width=500&height=auto&aspect=true;21/05/2024, 19:47:59
Desconocido;frutas-y-verduras/legumbres-granos-y-semillas;Mix Wok For Good 120 Gr;$449;https://jumboargentinaio.vtexassets.com/arquivos/ids/187367-500-auto?v=636383489050770000&width=500&height=auto&aspect=true;21/05/2024, 19:47:59
Desconocido;frutas-y-verduras/legumbres-granos-y-semillas;Lentejas A Granel 250 Gr;$3.299;https://jumboargentinaio.vtexassets.com/arquivos/ids/820918-500-auto?v=638503475301130000&width=500&height=auto&aspect=true;21/05/2024, 19:47:59
Desconocido;frutas-y-verduras/organicos;Zanahoria Orgánica Fraccionada X 1 Kilo;$2.699;https://jumboargentinaio.vtexassets.com/arquivos/ids/698611-500-auto?v=637871997727930000&width=500&height=auto&aspect=true;21/05/2024, 19:48:36
Desconocido;frutas-y-verduras/organicos;Ajo Organico X 3;$999;https://jumboargentinaio.vtexassets.com/arquivos/ids/698615-500-auto?v=637871997744200000&width=500&height=auto&aspect=true;21/05/2024, 19:48:36
Desconocido;frutas-y-verduras/organicos;Pera Orgánica;$2.499;https://jumboargentinaio.vtexassets.com/arquivos/ids/414214-500-auto?v=636442096279600000&width=500&height=auto&aspect=true;21/05/2024, 19:48:36
Desconocido;frutas-y-verduras/organicos;Palta Hass Organica X Unidad;$928,57;https://jumboargentinaio.vtexassets.com/arquivos/ids/711366-500-auto?v=637939281949000000&width=500&height=auto&aspect=true;21/05/2024, 19:48:36
Desconocido;frutas-y-verduras/organicos;Mix Puerro Y Verde;$2.499;https://jumboargentinaio.vtexassets.com/arquivos/ids/817352-500-auto?v=638479278513500000&width=500&height=auto&aspect=true;21/05/2024, 19:48:36
Desconocido;frutas-y-verduras/organicos;Cebolla Cobriza Organica Fraccionada;$3.690;https://jumboargentinaio.vtexassets.com/arquivos/ids/468683-500-auto?v=636680877145900000&width=500&height=auto&aspect=true;21/05/2024, 19:48:36
